cpu_user,cpu_system,memory_used,memory_free,io_read,io_write,pg_session_count,pg_db_name,pg_xact_commit,pg_xact_rollback,pg_buffers_alloc,pg_buffers_backend,pg_disk_io_table_name,pg_heap_blks_read,pg_heap_blks_hit,pg_cache_hit_ratio,pg_long_running_queries,pg_ungranted_locks
57.5,5.0,802410496,143024128,103491,105635,19,,56933,101,126625929,35218333,customer_address,209940,1713641,0.44817456623270655232,0,0
20.5,1.1,819634176,205193216,109609,105900,17,,56933,101,127030138,35218334,customer_address,209940,1713641,0.44974472133678340334,0,0
20.6,1.9,827731968,278052864,121409,106167,17,,56933,101,127797520,35218334,customer_address,224778,1772652,0.44994078298656292157,0,0
32.86666666666667,2.6666666666666665,816592213.3333334,208756736.0,111503.0,105900.66666666667,17.666666666666668,,56933.0,101.0,127151195.66666667,35218333.666666664,customer_address,214886.0,1733311.3333333333,0.44928669018535095,0.0,0.0
